filename,object_type,object_name
0001.sql,PROCEDURE,SCT_0001_CALCULATE_TIME_DIFFERENCE
0001.sql,PROCEDURE,SCT_0001_COMBINED_TYPES_EXAMPLE
0001.sql,PROCEDURE,SCT_0001_PROCESS_FILE_DATA
0001.sql,PROCEDURE,SCT_0001_PROCESS_NESTED_TABLE
0001.sql,PROCEDURE,SCT_0001_PROCESS_XML_DATA
0001.sql,PROCEDURE,SCT_0001_UPDATE_BY_ROWID
0001.sql,TABLE,SCT_0001_COMBINE_TYPE
0002.sql,PROCEDURE,SCT_0002_PROCESS_ANY_DATA
0002.sql,PROCEDURE,SCT_0002_PROCESS_MATRIX
0002.sql,PROCEDURE,SCT_0002_PROCESS_ORDER
0002.sql,PROCEDURE,SCT_0002_PROCESS_PERSON
0002.sql,PROCEDURE,SCT_0002_DYNAMIC_CURSOR_OPERATIONS
0002.sql,TYPE,SCT_0002_MATRIX_ROW_TYPE
0002.sql,TYPE,SCT_0002_MATRIX_TYPE
0002.sql,TYPE,SCT_0002_ITEM_TYPE
0002.sql,TYPE,SCT_0002_ITEM_LIST_TYPE
0002.sql,TYPE,SCT_0002_ORDER_TYPE
0002.sql,TYPE,BODY
0002.sql,TYPE,SCT_0002_ADDRESS_TYPE
0002.sql,TYPE,SCT_0002_PERSON_TYPE
0002.sql,TYPE,BODY
0002.sql,TYPE_BODY,SCT_0002_ORDER_TYPE
0002.sql,TYPE_BODY,SCT_0002_PERSON_TYPE
0003.sql,TYPE,T_0003_TYPE
0004.sql,PROCEDURE,SCT_0004_DUMMY
0005.sql,PROCEDURE,SCT_0005_COMMIT
0005.sql,PROCEDURE,SCT_0005_CALL_COMMIT
0005.sql,TABLE,T_0005
0006.sql,TABLE,T_0006
0007.sql,PROCEDURE,SCT_0007_INSERT_RECORD
0007.sql,TABLE,T_0007
0008.sql,PROCEDURE,SCT_0008_JSON_ARRAY_DEMO
0008.sql,TABLE,T_0008
0009.sql,PROCEDURE,SCT_0009_UPDATE_TABLENAME_AS_SUBQUERY
0009.sql,TABLE,T_0009
0010.sql,PROCEDURE,SCT_0010_DELETE_TABLENAME_AS_SUBQUERY
0010.sql,TABLE,T_0010
0011.sql,PROCEDURE,SCT_0011_GET_EMPLOYEE_INFO
0011.sql,TABLE,T_0011
0012.sql,PROCEDURE,SCT_0012_HIERARCHY_QUERY
0012.sql,TABLE,T_0012
0013.sql,TABLE,T_0013
0013.sql,VIEW,T_0013_VIEW
0014.sql,PROCEDURE,SCT_0014_PIVOT_SAMPLE
0015.sql,PROCEDURE,SCT_0015_DYNAMIC_SEARCH
0015.sql,PROCEDURE,SCT_0015_DYNAMIC_UPDATE
0015.sql,TABLE,T_0015
0015.sql,TABLE,T_0015_LOG
0015.sql,SEQUENCE,T_0015_LOG_SEQ
0016.sql,PROCEDURE,SCT_0016_DYNAMIC_BULK_COLLECT
0016.sql,TABLE,T_0016
0017.sql,PROCEDURE,SCT_0017_UPDATE_MATERIALIZED_VIEW
0017.sql,PROCEDURE,SCT_0017_INSERT_INTO_MATERIALIZED_VIEW
0017.sql,PROCEDURE,SCT_0017_DELETE_FROM_MATERIALIZED_VIEW
0017.sql,TABLE,T_0017
0018.sql,PROCEDURE,SCT_0018_ORACLE_HINTS_SAMPLE
0019.sql,PROCEDURE,SCT_0019_PROCESS_ORDERS
0019.sql,TABLE,T_0019_PRODUCTS
0019.sql,TABLE,T_0019_ORDERS
0020.sql,PROCEDURE,SCT_0020_SIMPLE_FORALL
0020.sql,TABLE,T_0020_DATA
0021.sql,PROCEDURE,SCT_0021_CROSS_JOIN
0021.sql,TABLE,T_0021_DEPARTMENTS
0021.sql,TABLE,T_0021_EMPLOYEES
0022.sql,PROCEDURE,SCT_0022_XMLSEQUECE
0022.sql,TABLE,T_0022
0023.sql,PROCEDURE,SCT_0023_PROCESS_WITH_LOCK
0023.sql,TABLE,T_0023
0024.sql,TABLE,T_0024
0024.sql,TYPE,T_0024_PERSON_TYPE
0024.sql,TYPE,BODY
0024.sql,TYPE_BODY,T_0024_PERSON_TYPE
0025.sql,TABLE,T_0025_DEPARTMENTS
0025.sql,TABLE,T_0025_EMPLOYEES
0026.sql,TABLE,T_0026
0027.sql,TABLE,T_0027
0028.sql,TABLE,T_0028_DOCUMENTS
0028.sql,INDEX,T_0028_TEXT_IDX
0029.sql,TABLE,T_0029
0030.sql,PROCEDURE,SCT_0030_GET_EMPLOYEES_TYPED
0030.sql,TABLE,T_0030
0031.sql,TABLE,T_0031
0031.sql,TRIGGER,T_0031_TRIGGER
0032.sql,PROCEDURE,TO
0032.sql,TABLE,T_0032
0032.sql,TRIGGER,TO
0033.sql,TABLE,T_0033
0033.sql,TYPE,T_0033_ADDRESS_TYPE
0033.sql,TYPE,T_0033_PHONE_TYPE
0033.sql,TYPE,T_0033_PHONE_TABLE_TYPE
0033.sql,VIEW,T_0033_VIEW
0033.sql,VIEW,T_0033_VIEW2
0034.sql,TABLE,T_0034
0034.sql,VIEW,T_0034_VIEW
0035.sql,TABLE,T_0035
0035.sql,TABLE,T_0035_REF
0035.sql,TRIGGER,SCT_0035_TRIGGER
0036.sql,FUNCTION,SCT_0036_CREATE_BINARY_ID
0036.sql,FUNCTION,SCT_0036_FETCH_WEB_CONTENT
0036.sql,FUNCTION,SCT_0036_GET_EMPLOYEE_HIERARCHY
0036.sql,FUNCTION,SCT_0036_GET_FILE_CONTENT
0036.sql,FUNCTION,SCT_0036_GET_REMOTE_DATA
0036.sql,FUNCTION,SCT_0036_GET_SESSION_INFO
0036.sql,TABLE,T_0036_EMPLOYEES
0036.sql,TABLE,SCT_0036_REMOTE_TABLE
0037.sql,FUNCTION,SCT_0037_UPDATE_WITH_COMMIT
0037.sql,TABLE,T_0037
0038.sql,PROCEDURE,SCT_0038_DUAL
0039.sql,PROCEDURE,SCT_0039_CREATE_BASIC_JOB
0040.sql,TABLE,T_0040
0041.sql,TABLE,T_0041
0041.sql,TABLE,T_0041_AUDIT
0041.sql,SEQUENCE,T_0041_AUDIT_SEQ
0041.sql,TRIGGER,SCT_0041_COLUMN_UPDATE_TRIGGER
0042.sql,PROCEDURE,SCT_0042_DEMO_CURSOR_ALREADY_OPEN
0042.sql,TABLE,T_0042
0043.sql,PROCEDURE,SCT_0043_COMPLEX_DYNAMIC_SQL
0043.sql,PROCEDURE,SCT_0043_COMPLEX_RAW_OPERATIONS
0043.sql,PROCEDURE,SCT_0043_LABELED_BLOCKS_WITH_GOTO
0043.sql,PROCEDURE,SCT_0043_PRAGMA_HEAVY_PROCEDURE
0043.sql,PROCEDURE,SCT_0043_XML_PROCESSING
0044.sql,PROCEDURE,SCT_0044_CONCAT_RAW_EXAMPLE
0045.sql,PROCEDURE,SCT_0045_ORACLE_DATE_TIMESTAMP_DEMO
0046.sql,TABLE,T_0046
0047.sql,PROCEDURE,SCT_0047_COMPLEX_OUTER_JOIN_REPORT
0047.sql,TABLE,T_0047_EMPLOYEES
0047.sql,TABLE,T_0047_DEPARTMENTS
0047.sql,TABLE,T_0047_LOCATIONS
0047.sql,TABLE,T_0047_PROJECTS
0048.sql,PROCEDURE,SCT_0048_CONNECT_BY_NOCYCLE_SAMPLE
0049.sql,PROCEDURE,SCT_0049_TIMESTAMP
0050.sql,TABLE,T_0050
0051.sql,PROCEDURE,SCT_0051_GET_ERROR_MESSAGE
0052.sql,PROCEDURE,SCT_0052_CHECK_SQLCODE_SAMPLE
0052.sql,TABLE,T_0052
0053.sql,TABLE,SCT_0053_REMOTE_TABLE
0054.sql,PROCEDURE,SCT_0054_GET_TABLE_DATA
0054.sql,FUNCTION,SCT_0054_GET_GREETING
0054.sql,FUNCTION,SCT_0054_GET_TABLE_NAME
0054.sql,FUNCTION,SCT_0054_GET_TABLE_VALUE
0054.sql,FUNCTION,SCT_0054_INSERT_DATA
0054.sql,TABLE,T_0054
0055.sql,PROCEDURE,SCT_0055_UPDATE_FROM_SUBQUERY
0055.sql,TABLE,T_0055_1
0055.sql,TABLE,T_0055_2
0056.sql,PROCEDURE,SCT_0056_SAVEPOINT_DEMO
0056.sql,TABLE,T_0056
0057.sql,PROCEDURE,SCT_0057_STRING_OPERATIONS
0057.sql,PROCEDURE,SCT_0057_EXTRACT_PATTERNS
0057.sql,TABLE,T_0057_STRINGS
0058.sql,PROCEDURE,SCT_0058_GET_TRANSACTION_ID
0059.sql,PROCEDURE,SCT_0059_DYNAMIC_SQL_WITH_BIND
0060.sql,PROCEDURE,SCT_0060_COLLECTION_TYPES_DEMO
0061.sql,PROCEDURE,SCT_0061_MULTIPLE_BULK_COLLECT
0061.sql,PROCEDURE,SCT_0061_NESTED_BULK_COLLECT
0061.sql,TABLE,T_0061_EMPLOYEES
0061.sql,TABLE,T_0061_DEPARTMENTS
0062.sql,PROCEDURE,SCT_0062_PROCESS_DATA
0062.sql,FUNCTION,SCT_0062_GENERATE_DATA
0062.sql,TYPE,SCT_0062_DATA_OBJ_TYPE
0062.sql,TYPE,SCT_0062_DATA_TAB_TYPE
0063.sql,TABLE,T_0063
0064.sql,TABLE,T_0064
0064.sql,TABLE,T_0064_2
0065.sql,TABLE,T_0065
0066.sql,TABLE,T_0066
0067.sql,TABLE,T_0067_1
0067.sql,TABLE,T_0067_2
0067.sql,TABLE,T_0067_3
0068.sql,PROCEDURE,SCT_0068_INSERT_USER
0068.sql,PROCEDURE,SCT_0068_TEST_ERROR_CODES
0068.sql,TABLE,T_0068_USERS
0068.sql,TABLE,T_0068_ERROR_LOG
0068.sql,SEQUENCE,T_0068_LOG_SEQ
0069.sql,PROCEDURE,SCT_0069_PROCESS_WITH_CURSOR
0069.sql,PROCEDURE,SCT_0069_MAIN_PROCEDURE
0069.sql,TABLE,T_0069
0069.sql,TABLE,T_0069_LOG
0069.sql,SEQUENCE,T_0069_LOG_SEQ
0070.sql,PROCEDURE,SCT_0070_INSERT_WITH_CONTEXT
0070.sql,PROCEDURE,SCT_0070_UPDATE_WITH_CONTEXT
0070.sql,TABLE,T_0070
0070.sql,PACKAGE,SCT_0070_USER_CTX_PKG
0070.sql,PACKAGE,BODY
0070.sql,PACKAGE_BODY,SCT_0070_USER_CTX_PKG
0071.sql,PROCEDURE,SCT_0071_CURSOR_SYNC_ISSUE_DEMO
0072.sql,PROCEDURE,SCT_0072_GET_ITEM
0072.sql,PROCEDURE,SCT_0072_GET_ITEM
0072.sql,PROCEDURE,SCT_0072_GET_ITEM
0072.sql,PROCEDURE,SCT_0072_CASE_TEST
0072.sql,PROCEDURE,SCT_0072_CASE_TEST
0072.sql,TABLE,T_0072
0072.sql,PACKAGE,SCT_0072_PKG
0072.sql,PACKAGE,BODY
0072.sql,PACKAGE_BODY,SCT_0072_PKG
0073.sql,PROCEDURE,SCT_0073_CREATE_COMPLEX_INDEX
0073.sql,PROCEDURE,SCT_0073_CREATE_DYNAMIC_TABLE
0073.sql,PROCEDURE,SCT_0073_CREATE_MATERIALIZED_VIEW
0073.sql,PROCEDURE,SCT_0073_CREATE_PARTITIONED_TABLE
0073.sql,PROCEDURE,SCT_0073_CREATE_TABLE_WITH_ORACLE_FEATURES
0074.sql,PROCEDURE,SCT_0074_JAPANESE_SORT
0074.sql,PROCEDURE,SCT_0074_COLLATE_SORT
0074.sql,PROCEDURE,SCT_0074_NLSSORT_JAPANESE
0074.sql,TABLE,T_0074
0075.sql,PROCEDURE,SCT_0075_FORALL
0075.sql,TABLE,T_0075
0076.sql,PROCEDURE,SCT_0076_READ_FILE
0076.sql,PROCEDURE,SCT_0076_WRITE_FILE
0076.sql,TABLE,T_0076
0077.sql,PACKAGE,SCT_0077_PKG
